id,behavior
1,MB_SOUTH_ARROW_WARP
10,MB_COUNTER
11,MB_NON_ANIMATED_DOOR
12,MB_COUNTER
34,MB_BOOKSHELF
35,MB_BOOKSHELF
112,MB_COUNTER
129,MB_COUNTER
136,MB_TRASH_CAN
154,MB_EAST_ARROW_WARP
160,MB_EAST_ARROW_WARP
174,MB_BOOKSHELF
175,MB_BOOKSHELF
181,MB_WEST_ARROW_WARP
183,MB_WEST_ARROW_WARP
209,MB_COUNTER
211,MB_IMPASSABLE_SOUTH_AND_NORTH
216,MB_WEST_ARROW_WARP
217,MB_EAST_ARROW_WARP
257,MB_NON_ANIMATED_DOOR
269,MB_COUNTER
328,MB_COUNTER
329,MB_COUNTER
330,MB_COUNTER
378,MB_NON_ANIMATED_DOOR
379,MB_NON_ANIMATED_DOOR
385,MB_BOOKSHELF
437,MB_BOOKSHELF
438,MB_BOOKSHELF
441,MB_BOOKSHELF
442,MB_BOOKSHELF
468,MB_SOUTH_ARROW_WARP
469,MB_SOUTH_ARROW_WARP
470,MB_COUNTER
471,MB_COUNTER
502,MB_COUNTER
